Time,Signal_1
0.0,97.40723822909347
0.06673333333333334,97.07078729281767
0.13346666666666668,97.0103305785124
0.20020000000000002,96.55983205038488
0.26693333333333336,96.58001397624038
0.33366666666666667,97.18256691832532
0.40040000000000003,97.05853994490359
0.46713333333333334,96.4770979605483
0.5338666666666667,97.01038873994638
0.6006,96.36311723211286
0.6673333333333333,96.7333774396295
0.7340666666666668,96.73831775700934
0.8008000000000001,97.16343207354443
0.8675333333333334,96.7891156462585
0.9342666666666667,97.12608987256874
1.0010000000000001,96.3946127946128
1.0677333333333334,96.92045454545455
1.1344666666666667,96.6160295103957
1.2012,96.68912091613338
1.2679333333333334,96.71130261849518
1.3346666666666667,96.66831846712917
1.4014000000000002,96.67654808959158
1.4681333333333335,96.90794701986755
1.5348666666666668,96.76846965699208
1.6016000000000001,96.59372937293729
1.6683333333333334,96.73379174852653
1.7350666666666668,96.53738621586476
1.8018000000000003,96.67909238249594
1.8685333333333334,96.6505829015544
1.9352666666666667,96.84120861459337
2.0020000000000002,96.85066582117946
2.0687333333333333,97.02666238355285
2.135466666666667,96.88305030438961
2.2022,96.94333014963388
2.2689333333333335,96.8739903069467
2.3356666666666666,97.00032102728731
2.4024,96.67856005097165
2.4691333333333336,96.70478637969805
2.5358666666666667,97.04607843137254
2.6026000000000002,97.11114680372631
2.6693333333333333,97.15350600126342
2.736066666666667,97.30356579362575
2.8028000000000004,97.17766497461928
2.8695333333333335,97.4462676962677
2.936266666666667,97.50064557779211
3.003,97.29191128506197
3.0697333333333336,97.5364061456246
3.1364666666666667,97.39423076923076
3.2032000000000003,97.36363636363636
3.2699333333333334,97.184122748499
3.336666666666667,97.17902471609887
3.4034,97.50166666666667
3.4701333333333335,97.62949152542373
3.536866666666667,97.60378006872853
3.6036000000000006,97.50993150684931
3.6703333333333337,97.4570749915168
3.7370666666666668,97.47913769123782
3.8038000000000003,97.24991394148022
3.8705333333333334,97.35330793210946
3.937266666666667,97.04597701149426
4.0040000000000004,96.97860399859698
4.070733333333333,97.04668567355667
4.137466666666667,96.95551601423489
4.2042,96.8198801550934
4.270933333333334,97.0563829787234
4.337666666666667,96.99826809837201
4.4044,96.9845288326301
4.471133333333333,96.9843137254902
4.537866666666667,96.92898134863702
4.6046000000000005,96.53156028368795
4.671333333333333,96.56341550553769
4.738066666666667,96.40381221320155
4.8048,96.63237410071943
4.871533333333334,96.43587033121918
4.938266666666667,96.42566844919786
5.005,96.35030697002529
5.071733333333333,96.37945791726106
5.138466666666667,96.28047464940668
5.2052000000000005,95.9736747205193
5.271933333333334,95.97994269340974
5.338666666666667,96.01932895696572
5.4054,95.85082084225553
5.472133333333334,96.1424491253124
5.538866666666667,96.04206433368682
5.605600000000001,96.02804065895549
5.6723333333333334,96.3185053380783
5.739066666666667,96.06329989622968
5.8058000000000005,95.75128292849811
5.872533333333334,96.06689655172413
5.939266666666667,96.19910127894919
6.006,96.10709413369713
6.072733333333334,96.17134062927497
6.139466666666667,96.47984843265588
6.2062,96.39586919104993
6.2729333333333335,96.67923875432525
6.339666666666667,96.7980669658267
6.4064000000000005,96.73230769230769
6.473133333333334,96.83021435862538
6.539866666666667,96.79765193370166
6.6066,97.02797679972706
6.673333333333334,96.7927408412483
6.740066666666667,96.93351333108336
6.8068,96.95698566188729
6.8735333333333335,97.31114808652246
6.940266666666667,97.21187274516234
7.007000000000001,96.94943273905996
7.073733333333334,97.07855973813422
7.140466666666667,96.8761659697652
7.207200000000001,97.05670595731125
7.273933333333334,97.39393939393939
7.340666666666667,97.24943602964873
7.4074,97.53543563068921
7.4741333333333335,97.59175056836635
7.540866666666667,97.50798722044729
7.607600000000001,97.48139833226426
7.674333333333334,97.82485322896281
7.741066666666667,97.67888707037643
7.8078,97.45159172957007
7.874533333333334,97.48852459016393
7.941266666666667,97.51625615763547
8.008000000000001,97.44901960784313
8.074733333333334,97.5629074315515
8.141466666666666,97.62124183006536
8.2082,97.63703465982027
8.274933333333333,97.79263123573524
8.341666666666667,97.93621794871795
8.4084,98.05035279025016
8.475133333333334,98.25148711169861
8.541866666666667,98.12397507379468
8.608600000000001,98.20603674540682
8.675333333333334,98.10208816705335
8.742066666666666,98.35148680253926
8.8088,98.33277870216307
8.875533333333333,97.97168554297136
8.942266666666667,97.65487023929896
9.009,97.65011662779074
9.075733333333334,97.67661016949152
9.142466666666667,97.57323750855578
9.209200000000001,97.5277108433735
9.275933333333334,97.25358851674642
9.342666666666666,97.13040446304045
9.4094,97.07373913043479
9.476133333333333,97.0486448922863
9.542866666666667,96.97672803056616
9.6096,96.96803652968036
9.676333333333334,96.51484456863429
9.743066666666667,96.30854885057471
9.809800000000001,96.502538071066
9.876533333333334,96.22602739726027
9.943266666666668,96.18507890961263
10.01,96.14830659536541
10.076733333333333,95.83333333333334
10.143466666666667,95.86061246040127
10.2102,95.6619368570415
10.276933333333334,95.66964285714286
10.343666666666667,95.64314007922219
10.410400000000001,95.42791681353542
10.477133333333335,95.55904388155547
10.543866666666668,95.43205449982074
10.6106,95.49513863881887
10.677333333333333,95.4628899247042
10.744066666666667,95.40064446831364
10.8108,95.24328249818446
10.877533333333334,95.2790530846485
10.944266666666667,95.27233429394812
11.011000000000001,95.50740874593423
11.077733333333335,95.49056603773586
11.14446666666667,95.45986443096682
11.211200000000002,95.44609800362976
11.277933333333333,95.56833754056979
11.344666666666667,95.41116751269035
11.4114,95.378977475867
11.478133333333334,95.29483065953654
11.544866666666667,95.24416961130741
11.611600000000001,95.2693249387898
11.678333333333335,95.36943111720358
11.745066666666668,95.52194953335638
11.8118,95.48720644935156
11.878533333333333,95.78905438171113
11.945266666666667,95.95127935506486
12.012,95.84676858929812
12.078733333333334,95.59230245231608
12.145466666666668,95.58970840480274
12.212200000000001,95.9806629834254
12.278933333333335,95.59776347001018
12.345666666666668,95.51473612063057
12.4124,95.38627187079408
12.479133333333333,95.68776930725886
12.545866666666667,95.87571766295171
12.6126,95.940876656473
12.679333333333334,96.0725806451613
12.746066666666668,96.27490712597096
12.812800000000001,96.19096306068602
12.879533333333335,96.16666666666667
12.946266666666668,96.03708653524892
13.013,96.3902356902357
13.079733333333333,96.39531816683152
13.146466666666667,96.51784511784513
13.2132,96.68022674224741
13.279933333333334,96.69720853858786
13.346666666666668,96.8074616922052
13.413400000000001,96.84367739794226
13.480133333333335,96.86174808906613
13.546866666666668,96.94320080187103
13.6136,96.90443121693121
13.680333333333333,96.8344827586207
13.747066666666667,96.93709043250328
13.8138,97.17581699346404
13.880533333333334,97.19681197137281
13.947266666666668,97.46293845135672
14.014000000000001,97.25309043591413
14.080733333333335,97.41491841491842
14.147466666666668,97.42814371257485
14.2142,97.52708541043535
14.280933333333333,97.36514247846256
14.347666666666667,97.42249836494442
14.414400000000002,97.57175925925925
14.481133333333334,97.54926764314249
14.547866666666668,97.12559081701554
14.614600000000001,97.16299559471366
14.681333333333335,97.055421686747
14.748066666666668,97.25199306759099
14.8148,97.20817324484806
14.881533333333334,97.20600414078675
14.948266666666667,97.09888579387187
15.015,97.05657757723013
15.081733333333334,96.95494544174586
15.148466666666668,97.01340860973889
15.215200000000001,97.01446718419196
15.281933333333335,96.92366946778712
15.348666666666668,96.81455316142706
15.4154,96.72537207654146
15.482133333333334,96.68028419182949
15.548866666666667,96.67356403853015
15.6156,96.6578476939578
15.682333333333334,96.53655951960438
15.749066666666668,96.58146167557932
15.815800000000001,96.65851025548758
15.882533333333335,96.34655234012146
15.949266666666668,96.56221033868093
16.016000000000002,96.39621267297889
16.082733333333334,96.24042933810375
16.14946666666667,96.37807525325614
16.2162,96.09375
16.282933333333332,96.17047515415307
16.349666666666668,96.07379134860051
16.4164,95.91093410572049
16.483133333333335,96.00724112961622
16.549866666666667,96.0109409190372
16.616600000000002,96.01858470335955
16.683333333333334,95.94626758023801
16.75006666666667,96.02705627705627
16.8168,95.82492690058479
16.883533333333332,95.84080315525279
16.950266666666668,95.70807899461401
17.017,95.8110632183908
17.083733333333335,95.29199149539335
17.150466666666667,95.6362660944206
17.217200000000002,95.28888888888889
17.283933333333334,95.28860936408105
17.35066666666667,95.34836918806384
17.4174,95.5234593837535
17.484133333333332,95.71841919548342
17.550866666666668,95.42752357666782
17.6176,95.70935101186322
17.684333333333335,95.77765995051256
17.751066666666667,95.73180212014134
17.817800000000002,95.69416288011185
17.884533333333334,95.4905462184874
17.95126666666667,95.89355062413316
18.018,96.05085934759732
18.084733333333332,95.91391877820202
18.151466666666668,95.87487214456188
18.2182,95.8658038147139
18.284933333333335,95.86901172529313
18.351666666666667,95.8502350570853
18.418400000000002,95.94565937707091
18.485133333333334,95.76119894598156
18.55186666666667,96.20525615435795
18.6186,96.1875
18.685333333333332,96.4885598923284
18.752066666666668,96.51461202552905
18.8188,96.41630325394163
18.885533333333335,96.21118834822907
18.952266666666667,96.35595475715236
19.019000000000002,96.53139306736429
19.085733333333334,96.54644268774705
19.152466666666665,96.67418300653594
19.2192,96.84150326797385
19.285933333333336,96.83790029712777
19.352666666666668,96.78900298111958
19.4194,96.62442396313364
19.486133333333335,96.68862275449102
19.552866666666667,96.60840781198279
19.619600000000002,96.41545425153573
19.686333333333334,96.76036096256684
19.75306666666667,96.52529566360053
19.8198,96.60206117021276
19.886533333333336,96.79410791128765
19.953266666666668,96.9060736807169
20.02,96.62720319255071
20.086733333333335,96.62554475360376
20.153466666666667,96.604
20.220200000000002,96.32436918990703
20.286933333333334,96.41633466135457
20.35366666666667,96.66269571136827
20.4204,96.75627970128988
20.487133333333336,96.69204964776921
20.553866666666668,96.84797297297298
20.6206,96.66139878950908
20.687333333333335,96.57487091222032
20.754066666666667,96.34930555555556
20.820800000000002,96.51112681031438
20.887533333333334,96.35428968391803
20.95426666666667,96.3089260808926
21.021,96.1994342291372
21.087733333333336,96.12331679659816
21.154466666666668,96.21478873239437
21.2212,96.04209409267774
21.287933333333335,96.3164922410682
21.354666666666667,96.29518950437317
21.421400000000002,96.37697103043638
21.488133333333334,96.20340826686005
21.55486666666667,96.09777453484129
21.6216,96.02549162418063
21.688333333333336,95.82303164091243
21.755066666666668,95.8024917552217
21.8218,95.85059171597634
21.888533333333335,95.7110870350307
21.955266666666667,95.50219298245614
22.022000000000002,95.46190828402366
22.088733333333334,95.55290227773695
22.15546666666667,95.37236793498337
22.2222,95.56367663344408
22.28893333333334,95.43046846182222
22.355666666666668,95.36871301775147
22.422400000000003,95.20460358056266
22.489133333333335,95.2509130752374
22.555866666666667,95.22023809523809
22.622600000000002,95.1595547309833
22.689333333333334,95.01915431875678
22.75606666666667,95.19842969307638
22.8228,95.03553299492386
22.889533333333336,95.16666666666667
22.956266666666668,95.47927272727271
23.023,95.33166726169226
23.089733333333335,95.45152158527955
23.156466666666667,95.4051754696916
23.223200000000002,95.37951595931251
23.289933333333334,95.43565400843882
23.35666666666667,95.44482997918112
23.4234,95.61871508379889
23.490133333333336,95.64194987984897
23.556866666666668,96.16506189821183
23.6236,95.88888888888889
23.690333333333335,95.76201760324983
23.757066666666667,95.6169779286927
23.823800000000002,95.73913043478261
23.890533333333334,95.73643926788685
23.95726666666667,95.67560321715818
24.024,95.80861083081064
24.090733333333336,95.95659488559892
24.157466666666668,96.01444892473118
24.2242,95.87495854063017
24.290933333333335,95.95389718076285
24.357666666666667,95.85083612040134
24.424400000000002,95.88970099667775
24.491133333333334,95.99003653271339
24.55786666666667,95.9410196601133
24.6246,96.31279303415941
24.691333333333336,96.26282266174992
24.758066666666668,96.14068189341278
24.8248,96.05387205387206
24.891533333333335,96.42232683254875
24.958266666666667,96.62996031746032
25.025000000000002,96.6928338762215
25.091733333333334,96.70953002610966
25.15846666666667,96.86551611852818
25.2252,97.00290510006455
25.291933333333336,97.00128824476651
25.358666666666668,97.0368574199806
25.4254,97.22795071335926
25.492133333333335,97.32221131828591
25.558866666666667,97.00992391663911
25.625600000000002,97.0738341968912
25.69233333333333,97.03383822107638
25.75906666666667,97.06898795964854
25.8258,97.16544362908606
25.892533333333336,97.161387129043
25.959266666666668,97.08127328140874
26.026,97.21682740272696
26.092733333333335,97.00874831763123
26.159466666666667,97.2710091123861
26.226200000000002,97.02030456852792
26.292933333333334,97.32070455300763
26.35966666666667,97.27379356568365
26.4264,96.9404920212766
26.493133333333336,96.89228678219504
26.559866666666668,96.73705583756345
26.6266,96.84199726402188
26.693333333333335,96.66527632950991
26.760066666666667,96.6713043478261
26.826800000000002,96.61029159519725
26.893533333333334,96.59500351864884
26.96026666666667,96.65578947368421
27.027,96.41498047568335
27.093733333333336,96.32054890921886
27.160466666666668,96.13845075359272
27.2272,96.06432337434096
27.293933333333335,96.27403156384506
27.360666666666667,96.20935251798561
27.427400000000002,96.10577267837935
27.494133333333334,95.93044101828613
27.56086666666667,95.74558558558559
27.6276,96.0968443960827
27.694333333333336,95.78357664233576
27.761066666666668,95.77418168444281
27.8278,95.74292965917331
27.894533333333335,95.72056175729205
27.961266666666667,95.71662422699163
28.028000000000002,95.78639705882352
28.094733333333334,95.55841799709724
28.16146666666667,95.84766050054407
28.2282,95.80007350238884
28.294933333333336,95.81386066763426
28.361666666666668,95.66581725518748
28.4284,95.57767168564084
28.495133333333335,95.24827836172526
28.561866666666667,95.47067188055456
28.628600000000002,95.47627606038822
28.695333333333334,95.29230223483505
28.76206666666667,95.46452762923352
28.828800000000005,95.48070175438596
28.895533333333336,95.29908192090396
28.962266666666668,95.5253752680486
29.029,95.30492628550881
29.095733333333335,95.27083333333334
29.162466666666667,95.31871144619603
29.229200000000002,95.3886766238277
29.295933333333334,95.46984235777931
29.36266666666667,95.38216344523568
29.4294,95.46179966044143
29.496133333333336,95.39516129032259
29.562866666666668,95.66184387617766
29.6296,96.06019288327236
29.696333333333335,96.23907969323108
29.763066666666667,96.34689793195463
29.829800000000002,96.21008684034737
29.896533333333334,96.11552587646077
29.96326666666667,96.49949272911735
30.03,96.483119513842
30.096733333333336,96.70868253436139
30.163466666666668,96.68806119055536
30.2302,97.0374276964954
30.296933333333335,96.95453025743898
30.363666666666667,96.89893617021276
30.430400000000002,97.1570501877774
30.497133333333334,97.00769745649264
30.56386666666667,97.08816705336426
30.6306,97.16076744955343
30.697333333333336,96.99068839374792
30.76406666666667,96.97713912475507
30.8308,96.93717105263158
30.897533333333335,96.97404730617609
30.964266666666667,96.96434466820733
31.031000000000002,96.81291390728477
31.097733333333334,96.98614775725594
31.16446666666667,97.30615586116569
31.2312,97.39320705421294
31.297933333333336,97.60183066361556
31.36466666666667,97.4689339437541
31.4314,97.44356955380577
31.498133333333335,97.39186507936508
31.564866666666667,97.37747035573123
31.631600000000002,97.57080828323313
31.698333333333334,97.32778321906628
31.76506666666667,97.54050464807436
31.8318,97.23449868073878
31.898533333333337,97.09010840108401
31.965266666666672,97.12260665099093
32.032000000000004,96.96273917421954
32.098733333333335,96.90744466800804
32.16546666666667,96.846519524618
32.2322,96.78276779773786
32.29893333333334,96.60761199056921
32.36566666666667,96.55354145686472
32.4324,96.64822266934942
32.49913333333333,96.84915824915825
32.565866666666665,96.87764144512612
32.632600000000004,96.83875293328865
32.699333333333335,96.79019073569482
32.76606666666667,96.79884471627592
32.8328,96.67784552845528
32.89953333333334,96.50312066574203
32.96626666666667,96.52315305761753
33.033,96.45694200351494
33.09973333333333,96.33498233215548
33.166466666666665,95.93210095982936
33.233200000000004,95.85843591600289
33.299933333333335,95.8821211035471
33.36666666666667,95.74164570607259
33.4334,95.75475080674077
33.50013333333334,95.58726160489384
33.56686666666667,95.61735985533454
33.6336,95.55765047135606
33.70033333333333,95.42596644784828
33.767066666666665,95.35492040520984
33.833800000000004,95.29543808834177
33.900533333333335,95.23642987249545
33.96726666666667,95.23368574553409
34.034,95.23615160349854
34.10073333333334,94.97676912080057
34.16746666666667,94.96402877697842
34.2342,95.05912040374909
34.30093333333333,94.97942238267147
34.367666666666665,94.75890608132421
34.434400000000004,94.87576301615799
34.501133333333335,94.91483321504613
34.56786666666667,94.6466165413534
34.6346,94.59137869611685
34.70133333333334,94.74373657838224
34.76806666666667,94.63994374120956
34.8348,94.72492024104928
34.90153333333333,94.73048392794065
34.968266666666665,94.8564303526897
35.03500000000001,94.92113791861722
35.101733333333335,95.02967149417167
35.16846666666667,94.83327408460718
35.2352,95.09316330145235
35.30193333333334,95.00639886242446
35.36866666666667,94.88402242466712
35.4354,95.02927525883614
35.50213333333333,94.97306034482759
35.568866666666665,94.82730496453901
35.635600000000004,94.87863907400912
35.702333333333335,95.08689509007418
35.76906666666667,95.10403618649966
35.8358,95.2099353521606
35.90253333333334,95.32024581768522
35.96926666666667,95.30829634687608
36.036,95.47081174438686
36.10273333333333,95.58493752110775
36.169466666666665,95.57425742574257
36.236200000000004,95.51785714285715
36.302933333333335,95.79006085192698
36.36966666666667,95.93124368048534
36.4364,95.92062960482251
36.50313333333334,95.87140948563795
36.56986666666667,96.03693754197448
36.6366,95.95015055202408
36.70333333333333,95.84995031467373
36.770066666666665,95.96451288918648
36.836800000000004,96.0515702479339
36.903533333333336,96.14219423268146
36.97026666666667,96.26682058047493
37.037,96.25286979337487
37.10373333333334,96.39746506337342
37.17046666666667,96.48247625286602
37.2372,96.63529025910134
37.30393333333333,96.59247135842881
37.370666666666665,96.74827018121911
37.437400000000004,96.84262295081967
37.504133333333336,97.02373104812128
37.57086666666667,96.88665151023059
37.6376,97.06420810009878
37.70433333333334,97.00663349917082
37.77106666666667,96.85803895675141
37.8378,96.85357142857143
37.90453333333333,97.04070152217075
37.971266666666665,97.15374286673381
38.038000000000004,97.04617940199336
38.104733333333336,97.06567164179104
38.17146666666667,97.02676801057501
38.2382,96.98752528658126
38.30493333333333,96.9564780716438
38.37166666666667,96.95580850351524
38.4384,97.09907439149812
38.50513333333333,97.20478632478633
38.57186666666667,96.81702412868633
38.638600000000004,96.716548702393
38.705333333333336,96.4349760438056
38.77206666666667,96.5908774373259
38.8388,96.24408901251738
38.90553333333334,96.1637717121588
38.97226666666667,96.12088297126839
39.039,96.08968450903934
39.10573333333333,96.1927927927928
39.172466666666665,96.25764192139738
39.239200000000004,95.96212672978879
39.305933333333336,95.83302819480043
39.37266666666667,95.77015687705217
39.4394,95.9056945955749
39.50613333333334,95.95833333333333
39.57286666666667,96.14922623434046
39.6396,96.14212641578371
39.70633333333333,95.94682801613494
39.77306666666667,95.87149617764834
39.839800000000004,95.87138145840967
39.906533333333336,95.74136049472536
39.97326666666667,95.62800718132856
40.04,95.47489239598279
40.10673333333334,95.34533898305085
40.17346666666667,95.36526090064332
40.2402,95.50179856115108
40.30693333333333,95.40755254720342
40.37366666666667,95.34440871739906
40.440400000000004,95.24937388193202
40.507133333333336,95.18295739348372
40.57386666666667,95.10698847262248
40.6406,94.80447125621008
40.70733333333334,94.93549536707057
40.77406666666667,95.0720084715849
40.8408,94.90344337948171
40.90753333333333,95.08568368439843
40.97426666666667,94.96703296703296
41.041000000000004,94.95950704225352
41.107733333333336,94.86932409012132
41.17446666666667,94.96054888507717
41.2412,95.06403599861545
41.30793333333334,95.01756803306924
41.37466666666667,95.1849338310146
41.4414,95.23706459249239
41.50813333333333,95.46462912087912
41.574866666666665,95.66632408359027
41.641600000000004,95.66378714581893
41.708333333333336,95.56324177687353
41.77506666666667,95.4155266757866
41.84179999999999,95.46258042668474
41.90853333333334,95.47566666666667
41.97526666666667,95.73280159521435
42.042,95.8364674278039
42.10873333333333,96.09409045889733
42.17546666666667,95.84380084607875
42.242200000000004,95.86250415144471
42.308933333333336,95.84669573968468
42.37566666666667,96.11796427367712
42.4424,95.8964130070399
42.50913333333334,95.91877496671106
42.57586666666667,96.30936454849498
42.6426,96.48455662570575
42.70933333333333,96.44345825115056
42.77606666666667,96.63309114927345
42.842800000000004,96.5673202614379
42.909533333333336,96.54141815772034
42.97626666666667,96.5414618157981
43.043,96.4952380952381
43.10973333333334,96.46614836410755
43.17646666666667,96.65681233933161
43.2432,96.69096306068602
43.30993333333333,96.76965383371078
43.37666666666667,96.86997405966277
43.443400000000004,96.71248789932235
43.510133333333336,96.75252689925009
43.57686666666667,96.76445743989603
43.6436,96.85237941081256
43.71033333333334,96.91652974038779
43.77706666666667,96.75146771037181
43.8438,96.8307392996109
43.91053333333333,97.04988588196935
43.97726666666667,96.83229405973088
44.044000000000004,96.94880210042665
44.110733333333336,96.88541323674679
44.17746666666667,96.65411298315163
44.2442,96.70521172638436
44.31093333333334,96.76742649487942
44.37766666666667,96.76591444930953
44.4444,96.9682698730795
44.51113333333333,96.714859437751
44.57786666666668,96.75133868808567
44.644600000000004,96.84105512343591
44.711333333333336,96.81958936385055
44.77806666666667,97.00540357987167
44.844800000000006,96.92617676938707
44.91153333333334,96.75650997632735
44.97826666666667,96.710615280595
45.045,96.89383791024783
45.11173333333333,96.9286680189317
45.17846666666667,96.86988598256204
45.245200000000004,96.92271973466003
45.311933333333336,96.87634408602152
45.37866666666667,96.67446524064171
45.4454,96.68870151770658
45.51213333333334,96.86499321573947
45.57886666666667,96.92615176151762
45.6456,96.80600068189567
45.71233333333333,96.90148448043185
45.77906666666667,96.51407506702414
45.845800000000004,96.55745393634841
45.912533333333336,96.45488721804512
45.97926666666667,96.58714969241285
46.046,96.5489802741558
46.11273333333334,96.23652291105122
46.17946666666667,96.35304169514697
46.2462,96.16973552058923
46.31293333333333,96.21696519094287
46.37966666666667,96.37151494793416
46.446400000000004,96.34094726234464
46.513133333333336,96.4541499330656
46.57986666666667,96.70161290322581
46.6466,96.54305977710234
46.71333333333334,96.52838427947597
46.78006666666667,96.67719180382936
46.8468,96.61054421768706
46.91353333333333,96.52574525745257
46.98026666666667,96.69402228976698
47.047000000000004,96.27204374572797
47.113733333333336,96.17844232665134
47.18046666666667,96.08767772511848
47.2472,96.35738482384824
47.31393333333334,96.22986969595723
47.38066666666667,96.19150326797384
47.4474,96.35163398692809
47.514133333333334,96.18367346938776
47.58086666666667,96.13123966942149
47.647600000000004,96.0834432717678
47.714333333333336,96.21075197889182
47.78106666666667,96.36708443271768
47.8478,96.63915483657973
47.91453333333334,96.67943215582702
47.98126666666667,96.7028086218158
48.048,96.70755925688661
48.11473333333334,96.82289977294842
48.18146666666667,96.83289560078791
48.248200000000004,97.01664490861619
48.314933333333336,97.11538461538461
48.38166666666667,97.21941620203346
48.4484,97.1806640625
48.51513333333334,97.03100775193799
48.58186666666667,97.00956779940614
48.6486,97.01182654402103
48.715333333333334,96.78156442713404
48.78206666666667,96.99207135777998
48.848800000000004,96.85009797517962
48.915533333333336,96.70734865652315
48.98226666666667,96.80508474576271
49.049,96.6423969072165
49.11573333333334,96.89570350934733
49.18246666666667,96.89319771137953
49.2492,96.97596153846153
49.315933333333334,97.19649122807017
49.38266666666667,97.07704552690227
49.449400000000004,97.2128949888286
49.516133333333336,97.06208213944603
49.58286666666667,97.19046084434419
49.6496,97.1772712883824
49.71633333333334,97.21649156319644
49.78306666666667,96.96813256851497
49.8498,96.92905081495685
49.916533333333334,97.00316255534472
49.98326666666667,97.1063829787234
50.050000000000004,97.11745724427234
50.116733333333336,97.19058224626153
50.18346666666667,97.30448821440103
50.2502,97.36195722618277
50.31693333333334,97.14908034849951
50.38366666666667,97.3575364667747
50.4504,97.30258538142355
50.517133333333334,97.38824662813101
50.58386666666667,97.42686470778172
50.650600000000004,97.4346426271732
50.717333333333336,97.34552580013063
50.78406666666667,97.34988565828161
50.8508,97.33638743455498
50.91753333333334,97.19081272084806
50.98426666666667,97.41443500979751
51.051,97.25654623798475
51.117733333333334,96.98965632298966
51.18446666666667,96.98244451805233
51.251200000000004,96.9652914210871
51.317933333333336,97.07104194857916
51.38466666666666,97.16974291364535
51.4514,97.2196261682243
51.51813333333334,97.01209271078267
51.58486666666667,97.01183231913456
51.6516,96.81428092524305
51.718333333333334,96.78104906937394
51.78506666666667,96.58617166212534
51.851800000000004,96.65978672170623
51.918533333333336,96.48603542234332
51.98526666666667,96.3141592920354
52.052,96.23731699012598
52.11873333333334,96.03403675970047
52.18546666666667,95.94051282051282
52.2522,96.01233299075025
52.318933333333334,95.92903225806452
52.38566666666667,95.78223297614933
52.452400000000004,95.72629092136349
52.519133333333336,95.61757638173705
52.58586666666667,95.58281998631074
52.6526,95.67112024665981
52.71933333333334,95.62339851652057
52.78606666666667,95.5895496734273
52.8528,95.75668265935573
52.919533333333334,95.82790538224204
52.98626666666667,95.86175882744837
53.053000000000004,95.99832271049983
53.119733333333336,95.81150793650794
53.18646666666667,95.89331577214355
53.2532,95.80125247198417
53.31993333333334,95.57086999022484
53.38666666666667,95.5925566343042
53.4534,95.8249510124102
53.520133333333334,95.77917472598324
53.58686666666667,95.80174081237911
53.653600000000004,95.53503390377784
53.720333333333336,95.75931324910917
53.78706666666667,95.98647778493239
53.8538,95.9181964573269
53.92053333333334,95.9655616350177
53.98726666666667,96.13623188405798
54.054,96.21952776005107
54.120733333333334,96.33408000000001
54.18746666666667,96.33429210610419
54.254200000000004,96.4704189318836
54.320933333333336,96.40133672819859
54.387666666666675,96.52569796954315
54.4544,96.6669921875
54.52113333333334,96.58497895759146
54.58786666666667,96.95518118245391
54.6546,96.9693844666452
54.721333333333334,97.051404853129
54.78806666666667,97.15465898174831
54.854800000000004,97.26612903225806
54.921533333333336,97.52293872313122
54.98826666666667,97.11537222043185
55.055,97.53022955059814
55.12173333333334,97.58923421980134
55.18846666666667,97.61134521880064
55.2552,97.34446895682319
55.321933333333334,97.3670565918432
55.38866666666667,97.30566157760815
55.455400000000004,97.44574873096445
55.522133333333336,97.62356687898088
55.58886666666667,97.7711837511901
55.6556,97.93273828498565
55.72233333333334,97.85050890585242
55.78906666666667,98.0828025477707
55.8558,97.88051702395964
55.922533333333334,97.95887377412211
55.98926666666667,98.1665598975016
56.056000000000004,98.04281636536632
56.122733333333336,98.1143404663047
56.18946666666667,97.89668246445497
56.2562,98.15542244640605
56.32293333333334,97.95712484237075
56.38966666666667,97.92986930188077
56.4564,97.78796471329552
56.523133333333334,97.98073836276083
56.58986666666667,97.96757457846951
56.656600000000005,98.3888888888889
56.723333333333336,98.11089681774348
56.79006666666667,98.07195631223901
56.8568,98.23081841432226
56.92353333333334,98.2744140625
56.99026666666667,98.04254628126014
57.057,98.4901768172888
57.123733333333334,98.08352365415988
57.19046666666667,98.11649853563293
57.257200000000005,97.94107965766952
57.323933333333336,97.75980551053483
57.39066666666667,98.09216136438177
57.4574,98.13804383382401
57.52413333333334,98.21587197909864
57.59086666666667,98.20680541790551
57.65760000000001,97.89775725593667
57.724333333333334,97.90178861788618
57.79106666666667,97.75350701402806
57.857800000000005,97.86082301773168
57.924533333333336,97.70789562860048
57.99126666666667,97.17493297587131
58.058,97.33040243490024
58.12473333333334,97.23304231027535
58.19146666666667,97.37335581787521
58.2582,97.26456639566396
58.324933333333334,97.07790417097553
58.39166666666667,96.99966409136715
58.458400000000005,96.90396445659604
58.525133333333336,96.5787858117326
58.59186666666667,96.43175582990398
58.6586,96.49355625217694
58.72533333333334,96.36845730027548
58.79206666666667,96.13709401709401
58.8588,96.19806094182826
58.925533333333334,96.22245179063361
58.99226666666667,95.99340277777779
59.059000000000005,95.67826386496728
59.125733333333336,95.6983413959917
59.19246666666667,95.50102739726027
59.2592,95.5532212885154
59.32593333333334,95.71814671814671
59.39266666666667,95.16643741403026
59.4594,95.05059829059829
59.526133333333334,95.24495476687544
59.59286666666667,95.28887353144437
59.659600000000005,95.26552686671319
59.726333333333336,95.27304347826087
59.79306666666667,95.21825813221406
59.8598,95.20013850415512
59.92653333333334,95.19863945578231
59.99326666666667,95.32839421088904
60.06,95.40352064996614
60.126733333333334,95.25494205862304
60.19346666666667,95.04040066777964
60.260200000000005,94.8644578313253
60.326933333333336,95.0180980585719
60.39366666666667,95.1261046906866
60.4604,95.1952603471295
60.52713333333334,95.56141500163773
60.59386666666667,95.61582685153871
60.6606,95.78893645044451
60.727333333333334,95.78390957446808
60.79406666666667,95.67611202635914
60.860800000000005,95.36701777485187
60.92753333333333,95.62120717781403
60.99426666666667,95.67915844838922
61.061,95.87965710517639
61.12773333333334,95.83256578947368
61.19446666666667,95.85311475409836
61.2612,96.03194993412386
61.327933333333334,95.77971682581494
61.39466666666667,95.88442211055276
61.461400000000005,95.98024774020757
61.52813333333334,95.35274431057563
61.59486666666667,95.38301559792028
61.6616,95.75739436619719
61.72833333333334,95.74250871080139
61.79506666666667,95.77241379310344
61.8618,95.73110113910941
61.928533333333334,95.69993141289437
61.99526666666667,95.76693296283432
62.062000000000005,95.65489788854275
62.12873333333334,95.59623430962343
62.19546666666667,95.28705964422741
62.2622,95.00941750959191
62.32893333333334,94.86401673640167
62.39566666666667,94.80173310225304
62.4624,94.96512033484478
62.529133333333334,94.73217391304348
62.59586666666667,94.67217630853995
62.662600000000005,94.62405757368062
62.72933333333334,94.68408387762118
62.79606666666667,94.8405498281787
62.8628,95.20272108843537
62.92953333333334,95.47477845944104
62.99626666666667,95.26921785834172
63.063,95.2789046653144
63.129733333333334,95.19003322259137
63.19646666666667,95.30431893687708
63.263200000000005,95.43292070926731
63.32993333333334,95.39034072113795
63.39666666666667,95.50016539861066
63.4634,95.61461461461462
63.53013333333334,95.87462286288971
63.59686666666667,96.12342819324951
